{"time": [{"GET_JOURNAL_AND_MAGAZINES_4": 3.3642165079752604, "GET_FACTORS_AND_ALL_ARTICLES_15": 40.162730102539065, "GET_ARTICLES_AND_REFERENCES": 74.61164293619791}]}